{
  "requirements": [
    {
      "bonus": false,
      "description": "1 - Realizou os testes para GetStudentsByName.",
      "enabled": true,
      "identifier": null,
      "order": 1,
      "skill_ids": []
    },
    {
      "bonus": false,
      "description": "2 - Realizou os testes para GetStudentsWithAverageGradeInProjectAbove.",
      "enabled": true,
      "identifier": null,
      "order": 2,
      "skill_ids": []
    },
    {
      "bonus": false,
      "description": "3 - Realizou os testes para GetProjectsWithMinimumGradeInProjectBelow.",
      "enabled": true,
      "identifier": null,
      "order": 3,
      "skill_ids": []
    },
    {
      "bonus": false,
      "description": "4 - Realizou os testes para GetStudentsDoneProject.",
      "enabled": true,
      "identifier": null,
      "order": 4,
      "skill_ids": []
    }
  ]
}