{
  "requirements": [
    {
      "bonus": false,
      "description": "1 - Adicionar uma nova pessoa jogadora ao banco de dados.",
      "enabled": true,
      "identifier": null,
      "order": 1,
      "skill_ids": []
    },
    {
      "bonus": false,
      "description": "2 - Adicionar novo Estúdio de Jogos ao banco de dados.",
      "enabled": true,
      "identifier": null,
      "order": 2,
      "skill_ids": []
    },
    {
      "bonus": false,
      "description": "3 - Adicionar novo Jogo ao Banco de dados.",
      "enabled": true,
      "identifier": null,
      "order": 3,
      "skill_ids": []
    },
    {
      "bonus": false,
      "description": "4 - Buscar jogos desenvolvidos por um estúdio de jogos.",
      "enabled": true,
      "identifier": null,
      "order": 4,
      "skill_ids": []
    },
    {
      "bonus": false,
      "description": "5 - Buscar jogos jogados por uma pessoa jogadora.",
      "enabled": true,
      "identifier": null,
      "order": 5,
      "skill_ids": []
    },
    {
      "bonus": false,
      "description": "6 - Buscar jogos comprados por uma pessoa jogadora.",
      "enabled": true,
      "identifier": null,
      "order": 6,
      "skill_ids": []
    }
  ]
}