{
  "requirements": [
    {
      "bonus": false,
      "description": "1 - Implementar o Item do pedido e seus testes",
      "enabled": true,
      "identifier": null,
      "order": 1,
      "skill_ids": []
    },
    {
      "bonus": false,
      "description": "2 - Implementar a classe Order e seus testes",
      "enabled": true,
      "identifier": null,
      "order": 2,
      "skill_ids": []
    },
    {
      "bonus": false,
      "description": "3 - Implementar o processamento dos pedidos e seus testes",
      "enabled": true,
      "identifier": null,
      "order": 3,
      "skill_ids": []
    }
  ]
}